Ord_id,Date,Qt_ord
86cdd3ce-a02c-4679-86cc-c64f207a27d2,10/23/2021,1
c579164d-d45b-406b-ac32-67b7bd099672,04/29/2022,1
27d86cbf-8e4e-4169-8831-e22de85ca15e,06/12/2021,3
df2c83fa-7b34-4be6-ac4a-52177ae11115,06/24/2021,5
cbff4a44-b2b7-4460-97a4-3dd3cf1c1711,01/09/2022,1
b9b72ba0-bb08-486e-938f-f7c8c713192d,12/24/2021,5
4badee97-6ed7-4eff-86df-2c9b1b018cd5,11/06/2021,3
5b1fa458-40e5-4c85-a27b-ee8215f32576,01/24/2021,4
be533249-ebf0-4800-9291-07dc5863b24b,01/15/2022,4
ef1c71a0-4a10-4b06-8955-17e2b11a6adc,09/12/2021,1